"(x1, x2)",y,mean,variance,std,mae,time
"(2.5606239510326327, -1.6448227935818187)",11.5258402820159,4.974458803504615,30.70968747575673,5.541632203219258,6.887758803504617,0.002948599999996304
"(2.5606239510326327, -1.6448227935818187)",11.5258402820159,2.970326760268186,16.74883725643962,4.0925343317362195,4.883626760268187,0.004254000000003089
"(-0.5610099507582129, -1.5286151800888992)",-1.9121636726117295,3.461761376332074,37.0158467025379,6.084064981781333,5.375061376332074,0.005475599999996916
