"(x1, x2)",y,mean,variance,std,mae,time
"(-0.932191959880824, -1.600943279378805)",-1.7284443330216424,8.79962723684376,77.68614341152063,8.813974325553747,10.712927236843761,0.005045399999971778
"(-0.3838351230424789, -1.760309429205588)",-1.7704288225914082,6.589539305304754,136.84450930245208,11.69805579156007,8.502839305304752,0.006380799999988085
"(-0.6380108163369675, -1.5295472776350114)",-1.8991744359694263,0.032206184255203475,8.795443889780891,2.965711363194485,1.9455061842552035,0.008012399999984154
"(-0.6380108163369675, -1.5295472776350114)",-1.8991744359694263,-1.242864235043227,4.5192838001518805,2.1258607198384096,0.6704357649567727,0.010139200000025994
"(-0.6380108163369675, -1.5295472776350114)",-1.8991744359694263,-0.8149412455348486,19.169295616748908,4.378275415817158,1.0983587544651512,0.01098720000004505
