"(x1, x2)",y,mean,variance,std,mae,time
"(-0.5545303290522491, -1.3712192024253849)",-1.8669345499877386,5.8574238498032685,56.50409515289008,7.516920589768797,7.770723849803268,0.002903299999616138
"(-0.7026401403713394, -1.6821142056124456)",-1.8785821560913285,0.13547864245804503,2.562967867527682,1.6009271899520234,2.0487786424580454,0.004202499999792053
"(-0.4019614937259547, -1.5899358498973668)",-1.8732537490753085,-0.5960920494972477,6.234458171334654,2.496889699473057,1.3172079505027527,0.0056487999995624705
"(-0.5691781722519603, -1.3701627695754492)",-1.8629159880928787,0.6822395779835433,45.78068291814686,6.766142395645162,2.5955395779835433,0.006844899999578047
"(-0.5691781722519603, -1.3701627695754492)",-1.8629159880928787,-0.33415263053910704,4.855659463505405,2.2035560949305113,1.5791473694608926,0.008101999999325926
"(-0.4019614937259547, -1.5899358498973668)",-1.8732537490753085,-1.6541868162303004,0.4890509439711089,0.699321774272122,0.2591131837696998,0.009322799999154086
"(-0.4019614937259547, -1.5899358498973668)",-1.8732537490753085,0.2839369335827311,41.25801935777017,6.423240565148574,2.1972369335827304,0.010531399999308633
