"(x1, x2)",y,mean,variance,std,mae,time
"(-0.2891239272503766, -1.3561062045223957)",-1.8153595235172513,3.518680677320705,8.992707902049581,2.998784404062683,5.431980677320705,0.0025217000001021006
"(-0.28851595980119227, -1.3578151891011225)",-1.8155117927044673,2.0525464261793234,33.57519101685931,5.794410325206466,3.965846426179322,0.0033728000001929104
"(-0.5607584191272759, -1.6584879944906228)",-1.897092965278211,1.6958771990760184,16.434860301625967,4.053993130436455,3.6091771990760178,0.004243100000167033
