"(x1, x2)",y,mean,variance,std,mae,time
"(-0.8531806293941294, -1.669986089466344)",-1.8077764634141484,6.537261038225511,45.99123393558057,6.781683709491365,8.45056103822551,0.0024817000000325606
"(-0.8531806293941294, -1.669986089466344)",-1.8077764634141484,1.5933892116231003,6.860593097372336,2.619273391109133,3.5066892116230997,0.0033356000000708264
"(-0.540680592141222, -1.6452041441445522)",-1.8987396303191235,1.4026205753798666,22.469016128160987,4.740149378253916,3.3159205753798666,0.004206600000088656
