"(x1, x2)",y,mean,variance,std,mae,time
"(-0.534440581135819, -1.6452900940525643)",-1.8978357525378522,6.608763005165438,45.41759876370083,6.739258027683821,8.522063005165435,0.0029781999999727304
"(-0.534440581135819, -1.6452900940525643)",-1.8978357525378522,1.121141577331856,22.69619222143621,4.764052080050785,3.034441577331856,0.004698099999927763
"(-0.6124892964946385, -1.6350395244407088)",-1.902879046761984,-0.40627870107975905,4.466746281366569,2.1134678330569807,1.5070212989202412,0.005910199999902943
