"(x1, x2)",y,mean,variance,std,mae,time
"(-0.8862302167690058, -1.6807323313632407)",-1.784776233993596,6.4159742907520565,46.75773560502075,6.837962825653613,8.329274290752057,0.003005799999982628
"(-0.8862302167690058, -1.6807323313632407)",-1.784776233993596,1.963824898377179,28.017315785841202,5.293138557211704,3.877124898377179,0.004243799999983366
"(-0.5737158743996471, -1.6465543087189565)",-1.901231757391126,-1.308234683318183,2.2764637706430615,1.5087954701161657,0.6050653166818171,0.005483700000013414
"(-0.576111981405256, -1.6328757563681313)",-1.9044462693281234,-1.3684927051885372,3.317942293194077,1.8215219716473576,0.5448072948114628,0.006720099999995455
