"(x1, x2)",y,mean,variance,std,mae,time
"(-0.42839079241642863, 1.8461144979136588)",12.419553993527352,8.206348346340178,66.86363762792175,8.17701887168678,10.119648346340178,0.0029272999998966043
"(0.15836336116354, -0.3042896156656285)",0.07036979416333033,4.221205617507183,43.001275922771796,6.557535811779589,6.134505617507183,0.004122699999925317
"(2.0303118265046867, -1.5486965833540658)",7.35530328469641,2.4791398675005545,30.743470527910556,5.5446794792765575,4.3924398675005545,0.00559449999991557
"(0.15836336116354, -0.3042896156656285)",0.07036979416333033,0.05552803941501807,17.293264540883413,4.158517108403356,1.9688280394150184,0.006822799999895324
"(-0.5064621575429628, -1.541036193494343)",-1.9110668443418541,0.9646357488923428,19.571309570047763,4.423947283823324,2.877935748892343,0.008027199999901313
"(-0.5064621575429628, -1.541036193494343)",-1.9110668443418541,-0.938510609773318,1.873537433483665,1.3687722357951542,0.9747893902266821,0.009253099999909864
"(-0.44421582749078603, -1.5411421705653872)",-1.8985772453572949,-1.6076270539693387,1.0449436692172587,1.0222248623552739,0.30567294603066125,0.010450099999957274
"(-0.517123045578366, -1.537844364386125)",-1.9121154250175705,-1.5487033268843162,1.139942527503922,1.067680910901718,0.36459667311568367,0.011652000000026419
"(-0.5196395539807741, -1.541249816566684)",-1.9122667478169544,-1.9046104208454184,0.0005110153075627011,0.02260564769173184,0.008689579154580684,0.01285649999999805
