"(x1, x2)",y,mean,variance,std,mae,time
"(-0.5926266423018745, -2.4503803790069076)",-0.8841880533121804,6.324974405024024,69.17232938428847,8.316990404244102,8.238274405024022,0.002954199999976481
"(-0.5927422753265232, -1.576341578524301)",-1.9105742832913664,2.3158253972511713,12.432273417903577,3.5259429118894676,4.229125397251171,0.004271099999982653
"(-0.5927422753265232, -1.576341578524301)",-1.9105742832913664,0.9458958636597645,20.9978084034915,4.582336565933531,2.8591958636597647,0.005583099999967089
"(-0.5927422753265232, -1.576341578524301)",-1.9105742832913664,-0.2093426352724777,8.30822661217551,2.8823994539576763,1.7039573647275224,0.006845799999950941
"(-0.5550155109185589, 0.22833195070409174)",2.6960826291254993,-0.9373849466443767,4.96399524854869,2.228002524358689,0.9759150533556238,0.008114199999909033
"(-0.5634030775312278, -1.576125452056581)",-1.9121868483658417,0.6651391165189104,10.194514946907958,3.192885050688164,2.5784391165189104,0.009392699999921206
"(-0.5634030775312278, -1.576125452056581)",-1.9121868483658417,-1.7714015949434334,0.04982363573660713,0.22321208689631286,0.14189840505656676,0.010608599999841317
