"(x1, x2)",y,mean,variance,std,mae,time
"(-0.5689331971327302, -1.3137437479190526)",-1.827975004848188,7.0880046112434085,65.1247935403126,8.069993403981975,9.001304611243409,0.0028971000000126423
"(-0.5689331971327302, -1.3137437479190526)",-1.827975004848188,-0.3806816696151417,1.7748999899123645,1.332253725801645,1.5326183303848582,0.00407800000002112
