"(x1, x2)",y,mean,variance,std,mae,time
"(-0.3800365185781144, -2.3289606963349216)",-0.8732700728851697,10.619238103941743,58.15373594690095,7.625859685760088,12.532538103941743,0.0030001000000083877
"(-0.8587858508570017, -2.2248528271738084)",-1.4657358475572266,4.580653032237698,28.21055430379884,5.311360871170292,6.493953032237698,0.004245400000002064
