"(x1, x2)",y,mean,variance,std,mae,time
"(0.3149203437471799, -1.4357801003193975)",-0.8973534118725808,7.536213133711938,68.27653437304306,8.262961598182764,9.449513133711935,0.002890700000534707
"(-0.33640591340135495, -2.01176965376969)",-1.430725822578614,1.2748104289843463,5.49877168193916,2.3449459869982423,3.188110428984346,0.0041675000006762275
"(-0.4937061659939487, -1.5415902783382271)",-1.9094009465676294,-1.0102330498589083,0.6743021667741104,0.8211590386606668,0.9030669501410917,0.0054751000006945105
