"(x1, x2)",y,mean,variance,std,mae,time
"(0.228585985730408, -1.5272082718859044)",-1.0412749174635967,5.419353208823816,18.681492949624896,4.3222092672179695,7.3326532088238165,0.0028472000000192565
"(0.22616365267797134, -1.5272082718859044)",-1.0467901469323317,2.0404895467852784,5.56401326927855,2.3588160736434176,3.953789546785278,0.003721900000016376
"(0.15013195873879903, -1.3153217214729453)",-1.2848109834274908,2.475507489313041,19.0279209874264,4.362100524681475,4.388807489313041,0.0045893000000205575
"(-0.6726172772189709, -1.971571799704051)",-1.7098660812689008,0.6490996903064914,28.192103937128007,5.3096237095605945,2.562399690306491,0.0054685000000063155
"(-0.591745685547076, -1.5272082718859044)",-1.9087979585334072,-0.16093886423318776,12.497538843063488,3.535185828646563,1.7523611357668127,0.00633629999998675
