"(x1, x2)",y,mean,variance,std,mae,time
"(-0.9940288059745795, -1.6219709660972317)",-1.6712988009471932,7.516992664814943,50.97178661072145,7.139452822921477,9.430292664814946,0.002844699999968725
"(-0.6351229709533419, -1.7794570659943898)",-1.8510982284658182,1.2620744233150767,22.507241868274022,4.744179788780567,3.175374423315077,0.0040498999999840635
"(-0.6766262861044747, -1.9505224168923398)",-1.730606108203066,-1.2533273019100861,0.4854345670575112,0.696731344965555,0.659972698089914,0.005294899999967129
"(-0.061849601489258, -1.676657638151364)",-1.477234155397786,2.5750526512370326,28.94729910213804,5.38026942653786,4.488352651237033,0.006543099999987589
"(-0.530177656433303, -1.491255341917913)",-1.9093715422977988,-1.7373017045773995,0.03538262171741487,0.18810268928809834,0.17599829542260056,0.008250099999941085
"(-0.530177656433303, -1.491255341917913)",-1.9093715422977988,-0.978432033140108,13.625587380816473,3.691285329098317,0.934867966859892,0.009475699999939025
"(-0.5277326736131518, -1.5609098149430531)",-1.9121078869482946,-1.4239848708420024,0.6481142453717179,0.8050554299995236,0.48931512915799746,0.010703599999942526
