"(x1, x2)",y,mean,variance,std,mae,time
"(-0.40409295607721285, -1.3180379054591542)",-1.8422307261549618,7.4846766221801815,98.66843930250973,9.933198845412777,9.397976622180181,0.0034435999999971045
"(-0.38393168257852583, -1.5293111240042596)",-1.8774221968978333,-0.6111238292740956,1.818549016064796,1.3485358786716786,1.3021761707259043,0.004688999999984844
"(-0.38393168257852583, -1.5293111240042596)",-1.8774221968978333,-1.5713884309457247,0.8484321379429254,0.9211037606822183,0.3419115690542752,0.006084600000008322
"(-0.4536840264420541, -1.543623869851097)",-1.9009792135985841,-1.8342012133203098,0.006306276723687177,0.07941206913112878,0.07909878667969013,0.007314199999996163
"(-0.4976293441807442, -1.5423421314170518)",-1.9099280531016976,-1.8378702051888016,0.009374250722215293,0.0968207143240293,0.07542979481119796,0.008541299999990315
