"(x1, x2)",y,mean,variance,std,mae,time
"(-0.7299545681422435, -2.4926535478417335)",-0.9486674571174927,3.58693235623441,38.38592488936194,6.195637569238693,5.500232356234411,0.0029403999999431107
"(-0.5150702613675906, -1.5074506410897541)",-1.9108980253287817,3.759450374266353,62.85183945036921,7.927915202016808,5.672750374266355,0.004497699999944871
"(-0.5149224418309262, -1.5083051333791178)",-1.9109569317068393,-0.32538474915453547,28.18042483115446,5.308523790203305,1.5879152508454646,0.005749399999956495
"(-0.514459909732331, -1.5134320871152982)",-1.911283030341341,-1.7027710474301685,0.19828269325781883,0.4452894488507659,0.21052895256983167,0.00695569999993495
"(-0.5200937414281059, -1.5181351325673023)",-1.9118387134036627,0.22417049743230807,38.37701864407125,6.194918776228729,2.1374704974323078,0.008171199999935652
