"(x1, x2)",y,mean,variance,std,mae,time
"(-0.42794733380643535, -1.4735196201228642)",-1.894481462444774,5.232430947299275,45.830815890683894,6.769846075848689,7.145730947299276,0.0028964000000542
"(-0.5755534858171327, -1.5030888918744196)",-1.9078640626994972,-0.37471339979687246,13.080812052120123,3.6167405287247414,1.5385866002031274,0.004132200000071862
"(-0.5755534858171327, -1.5030888918744196)",-1.9078640626994972,-0.3480156789163898,9.061519544401488,3.0102357954820564,1.56528432108361,0.005373600000098122
"(-0.5755534858171327, -1.5030888918744196)",-1.9078640626994972,-0.2051414749929446,9.431877839214783,3.071136245628771,1.7081585250070552,0.006870300000116458
"(-0.5767741890876519, -1.5073254713208044)",-1.908353842378963,0.748986469869833,28.035923299223874,5.294895966798959,2.6622864698698328,0.008226700000136589
"(-0.5761638374523923, -1.9380221292998945)",-1.7131988708368207,-0.8503717638875535,13.079329415306344,3.616535554271013,1.0629282361124468,0.009486900000126752
"(-0.5755534858171327, -1.5073613533212367)",-1.9085155930516775,-0.5660459618691737,8.815944815966823,2.969165676746049,1.3472540381308264,0.010739000000114629
"(-0.5755439490728318, -1.562047190910243)",-1.9122396767229648,-1.4581456286779222,1.7695191923051063,1.3302327586949234,0.4551543713220777,0.011980700000094657
