"(x1, x2)",y,mean,variance,std,mae,time
"(-0.5542412464906271, -1.6810736275999103)",-1.8887847628502143,7.418345834931715,75.66359152950008,8.698482139402257,9.331645834931715,0.003885999999965861
"(-0.5542412464906271, -1.6810736275999103)",-1.8887847628502143,3.301348313844805,19.13951325048228,4.374872941067236,5.2146483138448065,0.0051485999999840715
"(-0.5542412464906271, -1.6810736275999103)",-1.8887847628502143,2.7142902098020327,35.35694795029081,5.94617086453886,4.627590209802031,0.006855000000086875
