"(x1, x2)",y,mean,variance,std,mae,time
"(-0.5618575289079581, -1.0793750380724714)",-1.585347322981228,4.133671168232229,39.083501011257624,6.251679855147545,6.046971168232227,0.0029390999998213374
"(-0.49673467835601315, -1.7043418531825367)",-1.8652999221672446,0.9998591918806443,3.812168955939053,1.952477645439008,2.913159191880644,0.0042553999996925995
"(-0.613764836044888, -1.4828155616301968)",-1.896073175522928,0.462812590153205,8.061769928969204,2.8393256116495698,2.376112590153205,0.005679399999280577
"(-0.4967299099838627, -1.4825952628368453)",-1.9071690440030968,-0.599814308344407,6.8663516206580795,2.620372420221614,1.3134856916555933,0.006889699999192089
"(-0.5454114133610026, -1.5985850809317923)",-1.909340562409548,-1.0018798686131976,14.802501339781514,3.847401894757229,0.9114201313868021,0.008044599999266211
"(-0.5454114133610026, -1.5985850809317923)",-1.909340562409548,-1.9051370808007455,6.289043424416718e-05,0.00793034893583928,0.008162919199254381,0.009245899999314133
